{
  "Total" : {
    "transaction" : "Total",
    "sampleCount" : 5,
    "errorCount" : 3,
    "errorPct" : 60.0,
    "meanResTime" : 1630.0,
    "medianResTime" : 1881.0,
    "minResTime" : 226.0,
    "maxResTime" : 2914.0,
    "pct1ResTime" : 2914.0,
    "pct2ResTime" : 2914.0,
    "pct3ResTime" : 2914.0,
    "throughput" : 0.9518370454978108,
    "receivedKBytesPerSec" : 150.01007608747383,
    "sentKBytesPerSec" : 0.39374821530553966
  },
  "Invalid Login" : {
    "transaction" : "Invalid Login",
    "sampleCount" : 1,
    "errorCount" : 1,
    "errorPct" : 100.0,
    "meanResTime" : 2914.0,
    "medianResTime" : 2914.0,
    "minResTime" : 2914.0,
    "maxResTime" : 2914.0,
    "pct1ResTime" : 2914.0,
    "pct2ResTime" : 2914.0,
    "pct3ResTime" : 2914.0,
    "throughput" : 0.34317089910775567,
    "receivedKBytesPerSec" : 108.33275244509265,
    "sentKBytesPerSec" : 0.2640807309540151
  },
  "Linkedin Homepage" : {
    "transaction" : "Linkedin Homepage",
    "sampleCount" : 1,
    "errorCount" : 0,
    "errorPct" : 0.0,
    "meanResTime" : 1881.0,
    "medianResTime" : 1881.0,
    "minResTime" : 1881.0,
    "maxResTime" : 1881.0,
    "pct1ResTime" : 1881.0,
    "pct2ResTime" : 1881.0,
    "pct3ResTime" : 1881.0,
    "throughput" : 0.531632110579479,
    "receivedKBytesPerSec" : 70.13027063397129,
    "sentKBytesPerSec" : 0.06281980994152046
  },
  "Invalid Login-1" : {
    "transaction" : "Invalid Login-1",
    "sampleCount" : 1,
    "errorCount" : 1,
    "errorPct" : 100.0,
    "meanResTime" : 2684.0,
    "medianResTime" : 2684.0,
    "minResTime" : 2684.0,
    "maxResTime" : 2684.0,
    "pct1ResTime" : 2684.0,
    "pct2ResTime" : 2684.0,
    "pct3ResTime" : 2684.0,
    "throughput" : 0.37257824143070045,
    "receivedKBytesPerSec" : 117.47712136736214,
    "sentKBytesPerSec" : 0.16846066970938897
  },
  "Forgot password" : {
    "transaction" : "Forgot password",
    "sampleCount" : 1,
    "errorCount" : 1,
    "errorPct" : 100.0,
    "meanResTime" : 445.0,
    "medianResTime" : 445.0,
    "minResTime" : 445.0,
    "maxResTime" : 445.0,
    "pct1ResTime" : 445.0,
    "pct2ResTime" : 445.0,
    "pct3ResTime" : 445.0,
    "throughput" : 2.247191011235955,
    "receivedKBytesPerSec" : 55.560919943820224,
    "sentKBytesPerSec" : 0.9238939606741573
  },
  "Invalid Login-0" : {
    "transaction" : "Invalid Login-0",
    "sampleCount" : 1,
    "errorCount" : 0,
    "errorPct" : 0.0,
    "meanResTime" : 226.0,
    "medianResTime" : 226.0,
    "minResTime" : 226.0,
    "maxResTime" : 226.0,
    "pct1ResTime" : 226.0,
    "pct2ResTime" : 226.0,
    "pct3ResTime" : 226.0,
    "throughput" : 4.424778761061947,
    "receivedKBytesPerSec" : 1.650649889380531,
    "sentKBytesPerSec" : 1.4043487278761062
  }
}